-- Ән мәтіндерінің корпусы: demo seed

insert into public.artists (slug, name, years_label, period_start, period_end, song_count, genres, summary)
values
  ('roza-rymbaeva', 'Роза Рымбаева', '1975-2023', 1975, 2023, 1470, '{поп,баллада,эстрада}', 'Классикалық эстрада стиліндегі вокал мәтіндерінің уақыт ішіндегі эволюциясы.'),
  ('batyrkhan-shukenov', 'Батырхан Шукенов', '1987-2013', 1987, 2013, 820, '{поп,соул,баллада}', 'Лирикалық образдар мен урбанистік мотивтерді біріктірген корпус.'),
  ('nurlan-onerbayev', 'Нұрлан Өнербаев', '1995-2020', 1995, 2020, 690, '{поп,романс,дәстүрлі}', 'Поэтикалық құрылымы тығыз, риторикалық қайталауы мол мәтіндер.'),
  ('imanbek-zeikenov', 'Иманбек Зейкенов', '2017-2024', 2017, 2024, 420, '{электро-поп,ремикс,клуб}', 'Қысқа синтаксистік құрылымдар мен ағылшын-қазақ кодаралас үлгілері.'),
  ('alibek-dinishev', 'Алибек Дінішев', '1970-2010', 1970, 2010, 510, '{классика,романс,дәстүрлі}', 'Архаикалық және әдеби лексикасы жоғары академиялық ән мәтіндері.'),
  ('dos-mukasan', 'Дос-Мұқасан тобы', '1967-1991', 1967, 1991, 930, '{рок,фолк-рок,поп}', 'Ансамбльдік орындауға бейім ұйқастық құрылымдар және жастық дискурс.'),
  ('kairat-nurtas', 'Кайрат Нуртас', '2005-2024', 2005, 2024, 1280, '{поп,той әндері,баллада}', 'Кең аудиторияға бағытталған қарапайым синтаксис пен эмоциялық сөздік.'),
  ('skriptonit', 'Скриптонит', '2013-2024', 2013, 2024, 760, '{рэп,хип-хоп,трэп}', 'Қалалық әлеуметтік лексика мен ритмдік сегментациясы басым мәтіндер.'),
  ('jeltoksan', 'Jeltoksan тобы', '2010-2024', 2010, 2024, 510, '{инди-поп,рок,альтернатива}', 'Заманауи жастар дискурсы мен метафоралық желісі айқын авторлық мәтіндер.')
on conflict (slug) do update
set
  name = excluded.name,
  years_label = excluded.years_label,
  period_start = excluded.period_start,
  period_end = excluded.period_end,
  song_count = excluded.song_count,
  genres = excluded.genres,
  summary = excluded.summary;

insert into public.thematic_archives (id, title, years, count_label, summary)
values
  ('hit-parad', 'Хит-парад әндері', '1970-2024', '2000+ мәтін', 'Рейтингке енген мәтіндердің онжылдық бойынша салыстырмалы қоры.'),
  ('kazssr', 'Қазақ ССР әндері', '1960-1991', '800 мәтін', 'Кеңестік кезеңдегі поэтикалық нормалар мен идеологиялық маркерлер жиынтығы.'),
  ('rap', 'Рэп әндері', '2010-2024', '5000+ мәтін', 'Ритм, жаргон және урбанистік тақырыптар басым заманауи корпус.'),
  ('folk', 'Халық әндері', 'дәстүрлі', '500 мәтін', 'Фольклорлық формула, тұрақты эпитеттер және орындаушылық вариациялар.')
on conflict (id) do update
set
  title = excluded.title,
  years = excluded.years,
  count_label = excluded.count_label,
  summary = excluded.summary;

insert into public.songs
  (legacy_id, title, artist_id, artist_slug, year, genre, archive_type, tags, charts_rank, sections, lyrics_text)
values
  (
    'roza-1',
    'Көктемгі дауыс',
    (select id from public.artists where slug = 'roza-rymbaeva'),
    'roza-rymbaeva',
    1982,
    'эстрада',
    'жеке мұрағат',
    '{махаббат,көктем,эстрада}',
    7,
    $$[
      {"type":"verse","lines":["Қалаға көктем үнсіз келді","Жүрегім жаңа әуен терді","Таңғы жел терезе қағып","Көңілге нәзік сәуле берді"]},
      {"type":"chorus","lines":["Әнімде сенің атың жаңғырады","Әр буын жарық болып жандырады"]}
    ]$$::jsonb,
    'Қалаға көктем үнсіз келді Жүрегім жаңа әуен терді Таңғы жел терезе қағып Көңілге нәзік сәуле берді Әнімде сенің атың жаңғырады Әр буын жарық болып жандырады'
  ),
  (
    'batyrkhan-1',
    'Жаңбыр астында',
    (select id from public.artists where slug = 'batyrkhan-shukenov'),
    'batyrkhan-shukenov',
    1995,
    'соул',
    'жеке мұрағат',
    '{қала,жаңбыр,эмоция}',
    5,
    $$[
      {"type":"verse","lines":["Жаңбыр тамып тұр аялдама шетінде","Біз айтпаған сөздер қалды кеудемде","Трамвай ізі сырғып өтті алыстап","Әуен ғана бізді қалдырды бетпе-бет"]},
      {"type":"chorus","lines":["Қала ұйықтамайды, сен де ұмытпа","Түнгі шамдар бізге белгі қып тұр да"]}
    ]$$::jsonb,
    'Жаңбыр тамып тұр аялдама шетінде Біз айтпаған сөздер қалды кеудемде Трамвай ізі сырғып өтті алыстап Әуен ғана бізді қалдырды бетпе-бет Қала ұйықтамайды сен де ұмытпа Түнгі шамдар бізге белгі қып тұр да'
  ),
  (
    'nurlan-1',
    'Дала жыры',
    (select id from public.artists where slug = 'nurlan-onerbayev'),
    'nurlan-onerbayev',
    1999,
    'дәстүрлі',
    'жеке мұрағат',
    '{дала,ұлттық,рух}',
    18,
    $$[
      {"type":"verse","lines":["Кең далада қоңыр дауыс тербелді","Жылқы ізімен көне сарын өрнелді","Атамекен атын айтып таң сайын","Жас буынға жаңа үміт сіңірді"]},
      {"type":"chorus","lines":["Дала жыры жүрекке жақын","Әр қайырмада туған шақырым"]}
    ]$$::jsonb,
    'Кең далада қоңыр дауыс тербелді Жылқы ізімен көне сарын өрнелді Атамекен атын айтып таң сайын Жас буынға жаңа үміт сіңірді Дала жыры жүрекке жақын Әр қайырмада туған шақырым'
  ),
  (
    'imanbek-1',
    'Түнгі пульс',
    (select id from public.artists where slug = 'imanbek-zeikenov'),
    'imanbek-zeikenov',
    2021,
    'электро-поп',
    'тақырыптық мұрағат',
    '{клуб,beat,жылдам}',
    3,
    $$[
      {"type":"verse","lines":["Түнгі қала неон болып жанып тұр","Ритм мені жаңа жолға алып тұр","Қысқа фраза, анық импульс, таза үн","Бір секунд та босқа кетпей қалып тұр"]},
      {"type":"chorus","lines":["Пульс жоғары, би алаңы қозғалды","Дыбыс толқынымен түн де жаңғырды"]}
    ]$$::jsonb,
    'Түнгі қала неон болып жанып тұр Ритм мені жаңа жолға алып тұр Қысқа фраза анық импульс таза үн Бір секунд та босқа кетпей қалып тұр Пульс жоғары би алаңы қозғалды Дыбыс толқынымен түн де жаңғырды'
  ),
  (
    'sk-1',
    'Қала коды',
    (select id from public.artists where slug = 'skriptonit'),
    'skriptonit',
    2016,
    'рэп',
    'тақырыптық мұрағат',
    '{урбан,әлеумет,ритм}',
    1,
    $$[
      {"type":"verse","lines":["Қала коды қабырғада граффити","Сөз салмағы метро үнін қайтты","Жылдам ойдың тынысын да ұстаймын","Әр буында шындықпенен айқастым"]},
      {"type":"chorus","lines":["Ритм қатты, мәтін нақты","Көше үні бәрін бақты"]}
    ]$$::jsonb,
    'Қала коды қабырғада граффити Сөз салмағы метро үнін қайтты Жылдам ойдың тынысын да ұстаймын Әр буында шындықпенен айқастым Ритм қатты мәтін нақты Көше үні бәрін бақты'
  ),
  (
    'jel-1',
    'Қаңтар жарығы',
    (select id from public.artists where slug = 'jeltoksan'),
    'jeltoksan',
    2015,
    'инди-поп',
    'жеке мұрағат',
    '{инди,қыс,метафора}',
    10,
    $$[
      {"type":"verse","lines":["Қаңтар жарығы көшеге ақ із салды","Суық ауа ойыма анық түр қондырды","Біз іздеген жаңа мағына осы ма","Қарапайым үннен терең сыр қалды"]},
      {"type":"chorus","lines":["Желтоқсаннан қалған белгі","Қаңтарда да өшпей келді"]}
    ]$$::jsonb,
    'Қаңтар жарығы көшеге ақ із салды Суық ауа ойыма анық түр қондырды Біз іздеген жаңа мағына осы ма Қарапайым үннен терең сыр қалды Желтоқсаннан қалған белгі Қаңтарда да өшпей келді'
  ),
  (
    'dos-1',
    'Жастық керуен',
    (select id from public.artists where slug = 'dos-mukasan'),
    'dos-mukasan',
    1972,
    'рок',
    'жеке мұрағат',
    '{жастық,гитара,ансамбль}',
    14,
    $$[
      {"type":"verse","lines":["Гитара үні алаңға еркін таралды","Жастық шағым от секілді жанарды","Бірге айтқан көп дауысты қайырма","Көп көшені мерекеге айналдырды"]},
      {"type":"chorus","lines":["Керуеніміз жол үстінде тоқтама","Әнмен бірге жаңа күнге аттана"]}
    ]$$::jsonb,
    'Гитара үні алаңға еркін таралды Жастық шағым от секілді жанарды Бірге айтқан көп дауысты қайырма Көп көшені мерекеге айналдырды Керуеніміз жол үстінде тоқтама Әнмен бірге жаңа күнге аттана'
  ),
  (
    'dos-2',
    'Уақыт таспасы',
    (select id from public.artists where slug = 'dos-mukasan'),
    'dos-mukasan',
    1985,
    'фолк-рок',
    'аралас қор',
    '{уақыт,естелік}',
    17,
    $$[
      {"type":"verse","lines":["Уақыт таспасы баяу ғана айналды","Ескі фото жаңа ойға сайланды","Домбыра мен электр үнін қоса алып","Бір буынның ортақ жыры байланыпты"]},
      {"type":"bridge","lines":["Кеше мен бүгін арасы","Әуенмен ғана жалғанды"]}
    ]$$::jsonb,
    'Уақыт таспасы баяу ғана айналды Ескі фото жаңа ойға сайланды Домбыра мен электр үнін қоса алып Бір буынның ортақ жыры байланыпты Кеше мен бүгін арасы Әуенмен ғана жалғанды'
  )
on conflict (legacy_id) do update
set
  title = excluded.title,
  artist_id = excluded.artist_id,
  artist_slug = excluded.artist_slug,
  year = excluded.year,
  genre = excluded.genre,
  archive_type = excluded.archive_type,
  tags = excluded.tags,
  charts_rank = excluded.charts_rank,
  sections = excluded.sections,
  lyrics_text = excluded.lyrics_text;

insert into public.songs
  (legacy_id, title, artist_id, artist_slug, year, genre, archive_type, tags, charts_rank, sections, lyrics_text)
values
  (
    'roza-2',
    'Самалдағы хат',
    (select id from public.artists where slug = 'roza-rymbaeva'),
    'roza-rymbaeva',
    1991,
    'баллада',
    'аралас қор',
    '{ностальгия,естелік}',
    12,
    $$[
      {"type":"verse","lines":["Кешкі самал ескі хатты ақтарды","Сөз ішінен сенің күлкің сақталды","Уақыт бізді бөлек жолға бастаса","Әуен бізді бір кеңістікке апарды"]},
      {"type":"bridge","lines":["Түн ортасы, қала тыныш","Жүрек бірақ әлі сөйлейді"]}
    ]$$::jsonb,
    'Кешкі самал ескі хатты ақтарды Сөз ішінен сенің күлкің сақталды Уақыт бізді бөлек жолға бастаса Әуен бізді бір кеңістікке апарды Түн ортасы қала тыныш Жүрек бірақ әлі сөйлейді'
  ),
  (
    'batyrkhan-2',
    'Ақ парақ',
    (select id from public.artists where slug = 'batyrkhan-shukenov'),
    'batyrkhan-shukenov',
    2002,
    'баллада',
    'аралас қор',
    '{ішкі монолог,үміт}',
    11,
    $$[
      {"type":"verse","lines":["Ақ парақта үнсіз тұрған жолдар бар","Әр әріпте айтылмаған ойлар бар","Мен қаламды жүрекпенен ұстадым","Сол сәтте сен есіміме оралдың"]},
      {"type":"chorus","lines":["Бүгін тағы жаңа өлең бастаймын","Бір ауыз сөзбен саған жақындаймын"]}
    ]$$::jsonb,
    'Ақ парақта үнсіз тұрған жолдар бар Әр әріпте айтылмаған ойлар бар Мен қаламды жүрекпенен ұстадым Сол сәтте сен есіміме оралдың Бүгін тағы жаңа өлең бастаймын Бір ауыз сөзбен саған жақындаймын'
  ),
  (
    'nurlan-2',
    'Киелі түн',
    (select id from public.artists where slug = 'nurlan-onerbayev'),
    'nurlan-onerbayev',
    2010,
    'романс',
    'жеке мұрағат',
    '{лирика,түн,ой}',
    24,
    $$[
      {"type":"verse","lines":["Киелі түн тереземді ақ нұр қылды","Жалғыз шамым үнсіз ғана сақ тұрды","Сен айтқан бір қысқа сөздің салмағы","Көп жыл өтсе де санамда анық тұрды"]},
      {"type":"bridge","lines":["Тыныштық та сөйлей алады","Егер жүрек тыңдай алса"]}
    ]$$::jsonb,
    'Киелі түн тереземді ақ нұр қылды Жалғыз шамым үнсіз ғана сақ тұрды Сен айтқан бір қысқа сөздің салмағы Көп жыл өтсе де санамда анық тұрды Тыныштық та сөйлей алады Егер жүрек тыңдай алса'
  ),
  (
    'imanbek-2',
    'Digital таң',
    (select id from public.artists where slug = 'imanbek-zeikenov'),
    'imanbek-zeikenov',
    2024,
    'ремикс',
    'тақырыптық мұрағат',
    '{цифрлық,таң,ремикс}',
    9,
    $$[
      {"type":"verse","lines":["Экран жақты, тереземде digital таң","Сэмпл арасы жаңа әуен, қысқа план","Тілді ауыстырып ырғақпенен ойнаймын","Қазақ сөзі тренд ішінде тап-таза жан"]},
      {"type":"chorus","lines":["Код секілді қайталанам, тоқтамай","Beat үстінде жаңа мәтін, жоғалмай"]}
    ]$$::jsonb,
    'Экран жақты тереземде digital таң Сэмпл арасы жаңа әуен қысқа план Тілді ауыстырып ырғақпенен ойнаймын Қазақ сөзі тренд ішінде тап таза жан Код секілді қайталанам тоқтамай Beat үстінде жаңа мәтін жоғалмай'
  ),
  (
    'alibek-1',
    'Ғасыр үні',
    (select id from public.artists where slug = 'alibek-dinishev'),
    'alibek-dinishev',
    1980,
    'классика',
    'жеке мұрағат',
    '{академиялық,классика}',
    28,
    $$[
      {"type":"verse","lines":["Ғасыр үні тас қабырғада жаңғырды","Биік залда көне ария қалқып тұрды","Әр фразада дәуір тынысы сезілді","Салтанатты ырғақ уақытпен үндесті"]},
      {"type":"chorus","lines":["Дауыс биік, ой терең","Музыкада мәңгі өрнек"]}
    ]$$::jsonb,
    'Ғасыр үні тас қабырғада жаңғырды Биік залда көне ария қалқып тұрды Әр фразада дәуір тынысы сезілді Салтанатты ырғақ уақытпен үндесті Дауыс биік ой терең Музыкада мәңгі өрнек'
  ),
  (
    'alibek-2',
    'Таңғы дұға',
    (select id from public.artists where slug = 'alibek-dinishev'),
    'alibek-dinishev',
    1994,
    'романс',
    'аралас қор',
    '{лирика,классикалық мәтін}',
    30,
    $$[
      {"type":"verse","lines":["Таңғы дұға тыныш үйге нұр қылып","Әр дыбысым ақ параққа гүл қондырып","Көне сөздің жаңа тыныс тапқаны","Тыңдаушыға ой мен сезім сый қылып"]},
      {"type":"bridge","lines":["Тіл мен әуен тоғысқанда","Сөздің салмағы артады"]}
    ]$$::jsonb,
    'Таңғы дұға тыныш үйге нұр қылып Әр дыбысым ақ параққа гүл қондырып Көне сөздің жаңа тыныс тапқаны Тыңдаушыға ой мен сезім сый қылып Тіл мен әуен тоғысқанда Сөздің салмағы артады'
  ),
  (
    'kairat-1',
    'Сезім хаты',
    (select id from public.artists where slug = 'kairat-nurtas'),
    'kairat-nurtas',
    2012,
    'поп',
    'жеке мұрағат',
    '{махаббат,той,лирика}',
    4,
    $$[
      {"type":"verse","lines":["Сезім хатын үнсіз ғана жолдадым","Қолтаңбаға жүрек дүрсіл қондырдым","Қарапайым сөздер кейде ең биік","Сол сөздермен саған жақын болдым"]},
      {"type":"chorus","lines":["Бір ауыз сөз, бір жылы үн","Екі жүрекке ортақ түн"]}
    ]$$::jsonb,
    'Сезім хатын үнсіз ғана жолдадым Қолтаңбаға жүрек дүрсіл қондырдым Қарапайым сөздер кейде ең биік Сол сөздермен саған жақын болдым Бір ауыз сөз бір жылы үн Екі жүрекке ортақ түн'
  ),
  (
    'kairat-2',
    'Мереке кеші',
    (select id from public.artists where slug = 'kairat-nurtas'),
    'kairat-nurtas',
    2020,
    'той әндері',
    'тақырыптық мұрағат',
    '{мереке,қуаныш}',
    2,
    $$[
      {"type":"verse","lines":["Мереке кеші шамдарын жарқыратып","Көңіл күйді әуенімен арттырып","Әр үстелде күлкі толқын қозғалып","Бәрі бірге қол соғады шат қылып"]},
      {"type":"chorus","lines":["Бүгін бәрі биік нотада","Қуаныш бар әр бір қадамда"]}
    ]$$::jsonb,
    'Мереке кеші шамдарын жарқыратып Көңіл күйді әуенімен арттырып Әр үстелде күлкі толқын қозғалып Бәрі бірге қол соғады шат қылып Бүгін бәрі биік нотада Қуаныш бар әр бір қадамда'
  ),
  (
    'sk-2',
    'Түнгі аудан',
    (select id from public.artists where slug = 'skriptonit'),
    'skriptonit',
    2023,
    'трэп',
    'тақырыптық мұрағат',
    '{night,trap,қала}',
    6,
    $$[
      {"type":"verse","lines":["Түнгі аудан үнсіз емес, бәрі тірі","Бір қарасаң әр көшенің өз тілі","Кадр ауысса да ойым тоқтамайды","Қара ритмге байланғандай мезгілі"]},
      {"type":"bridge","lines":["Баяу бас та, анық айт","Сөздің жүгі ауырлайды"]}
    ]$$::jsonb,
    'Түнгі аудан үнсіз емес бәрі тірі Бір қарасаң әр көшенің өз тілі Кадр ауысса да ойым тоқтамайды Қара ритмге байланғандай мезгілі Баяу бас та анық айт Сөздің жүгі ауырлайды'
  ),
  (
    'jel-2',
    'Ашық терезе',
    (select id from public.artists where slug = 'jeltoksan'),
    'jeltoksan',
    2024,
    'альтернатива',
    'жеке мұрағат',
    '{жастар,альтернатива,қала}',
    8,
    $$[
      {"type":"verse","lines":["Ашық терезе арқылы қала дыбысы кірді","Біз жазған ән ертеңгі күнмен тілдесті","Қысқа формат, батыл ой, жаңа тыныс","Көп дауыстың арасынан өз үн шықты"]},
      {"type":"chorus","lines":["Оян қала, жаңа буын","Ән ішінде өсіп тұр үн"]}
    ]$$::jsonb,
    'Ашық терезе арқылы қала дыбысы кірді Біз жазған ән ертеңгі күнмен тілдесті Қысқа формат батыл ой жаңа тыныс Көп дауыстың арасынан өз үн шықты Оян қала жаңа буын Ән ішінде өсіп тұр үн'
  )
on conflict (legacy_id) do update
set
  title = excluded.title,
  artist_id = excluded.artist_id,
  artist_slug = excluded.artist_slug,
  year = excluded.year,
  genre = excluded.genre,
  archive_type = excluded.archive_type,
  tags = excluded.tags,
  charts_rank = excluded.charts_rank,
  sections = excluded.sections,
  lyrics_text = excluded.lyrics_text;
